"block","code","required","in_required","out_required","conditional_required","conditional_in_required","conditional_out_required","level","card","spec_required","desc"
"0","0000","True","","","","","","0","1:1","O","Dados Cadastrais do Informante"
"0","0001","True","","","","","","1","1:1","O","ABERTURA DO BLOCO 0"
"0","0002","","","","True","","","2","1:1","OC","Dados Complementares"
"0","0005","True","","","","","","2","1:1","O","Dados Complementares"
"0","0015","","","","","","","2","1:N","","Dados do Contribuinte Substituto ou Responsável pelo ICMS destino"
"0","0100","","","","True","","","2","1:1","OC","Dados do Contabilista"
"0","0150","","","","","","","2","1:N","","Clientes, Fornecedores e Outros"
"0","0175","","","","","","","3","1:N","","Alterações do Participante"
"0","0190","","","","","","","2","1:N","","Identificação das Unidades de Medida"
"0","0200","","","","","","","2","1:N","","Produtos, Serviços e Outros"
"0","0205","","","","","","","3","1:N","","Alterações do item"
"0","0206","","","","","","","3","1:1","","Código de Produto, Conforme Tabela Publicada Pela ANP"
"0","0220","","","","","","","3","1:N","","Fatores de Conversão de Unidades"
"0","0221","","","","","","","3","1:N","","Correlação entre Códigos de Itens Comercializados"
"0","0300","","","","","","","2","1:N","","Cadastro de Bens ou Componentes do Ativo Imobilizado"
"0","0305","","","","","","","3","1:1","","Informação sobre a Utilização do Bem"
"0","0400","","","","","","","2","1:N","","Livre Utilização pelo Contribuinte"
"0","0450","","","","","","","2","1:N","","Dados adicionais dos documentos fiscais"
"0","0460","","","","","","","2","1:N","","Dados adicionais da apuração"
"0","0500","","","","","","","2","1:N","","Plano de Contas Contábeis"
"0","0600","","","","","","","2","1:N","","Centro de Custos"
"0","0990","True","","","","","","1","1:1","O","ENCERRAMENTO DO BLOCO 0"
"B","B001","True","","","","","","1","1:1","O","ABERTURA DO BLOCO B"
"B","B020","","","","","","","2","1:N","","NF, NF Avulsa, NF Produtor, NF-e (ISS) e NF3e"
"B","B025","","","","","","","3","1:N","","Detalhamento por Combinação de Alíquota e Item da Lista de Serviços da LC 116/2003"
"B","B030","","","","True","","","2","1:N","OC","Nota Fiscal de Serviços Simplificada (Código 3A)"
"B","B035","","","","","","","3","1:N","","Detalhamento por Combinação de Alíquota e Item da Lista de Serviços da LC 116/2003)"
"B","B350","","","","True","","","2","1:N","OC","Serviços Prestados por Instituições Financeiras"
"B","B420","","","","True","","","2","1:N","OC","Totalização dos Valores de Serviços Prestados por Combinação de Alíquota e Item da Lista de Serviços da LC 116/2003"
"B","B440","","","","","","","2","1:N","","Totalização dos Valores Retidos"
"B","B460","","","","True","","","2","1:N","OC","Deduções do ISS"
"B","B470","","","","True","","","2","1:1","OC","Apuração do ISS"
"B","B500","","","","True","","","2","1:1","OC","Apuração do ISS Sociedade Uniprofissional"
"B","B510","","","","","","","3","1:N","","Uniprofissional - Empregados e Sócios"
"B","B990","True","","","","","","1","1:1","O","ENCERRAMENTO DO BLOCO B"
"C","C001","True","","","","","","1","1:1","O","ABERTURA DO BLOCO C"
"C","C100","","","","","","","2","1:N","","NF, NF Avulsa, NF Produtor E NF-e"
"C","C101","","","","","","","3","1:1","","Informação complementar dos documentos fiscais quando das operações interestaduais destinadas a consumidor final não contribuinte EC 87/15 (Código 55)"
"C","C105","","","","True","","","3","1:1","OC","Operações Com ICMS ST Recolhido Para UF Diversa Do Destinatário Do Documento Fiscal"
"C","C110","","","","True","","","3","1:N","OC","Informação Complementar"
"C","C111","","","","","","","4","1:N","","Processo Referenciado"
"C","C112","","","","","","","4","1:N","","Documento de arrecadação referenciado"
"C","C113","","","","","","","4","1:N","","Documento fiscal referenciado"
"C","C114","","","","","","","4","1:N","","Cupom fiscal referenciado"
"C","C115","","","","True","","","4","1:N","OC","Local Coleta/Entrega"
"C","C116","","","","True","","","4","1:N","OC","Cupom Fiscal Eletrônico - CF-e referenciado"
"C","C120","","","","True","","","3","1:N","OC","Operações de importação"
"C","C130","","","","True","","","3","1:1","OC","ISSQN, IRRF e Previdência Social"
"C","C140","","","","True","","","3","1:1","OC","Fatura"
"C","C141","True","","","","","","4","1:N","O","Vencimento"
"C","C160","","","","True","","","3","1:1","OC","Volumes Transportados"
"C","C165","","","","True","","","3","1:N","OC","Operações com combustíveis"
"C","C170","","","","True","","","3","1:N","OC","Itens"
"C","C171","","","","True","","","4","1:N","OC","Armazenamento de Combustíveis"
"C","C172","","","","True","","","4","1:1","OC","Operações com ISSQN, por item"
"C","C173","","","","","","","4","1:N","","Medicamento"
"C","C174","","","","True","","","4","1:N","OC","Arma de fogo"
"C","C175","","","","","","","4","1:N","","Veículo Novo"
"C","C176","","","","True","","","4","1:N","OC","Ressarcimento de ICMS e Fundo de combate à pobreza (FCP) em Operações com Substituição Tributária (Código 01 e 55)"
"C","C177","","","","True","","","4","1:1","OC","Complemento de Item – Outras informações"
"C","C178","","","","True","","","4","1:1","OC","Operações com produtos sujeitos a selo de controle do IPI"
"C","C179","","","","True","","","4","1:1","OC","Informações Complementares ST"
"C","C180","","","","True","","","4","1:1","OC","Informações Complementares das Operações de Entrada de Mercadorias Sujeitas à Substituição Tributária"
"C","C181","","","","True","","","4","1:N","OC","Informações Complementares das Operações de devolução de saídas de mercadorias sujeitas à Substituição Tributária (Código 01, 1B, 04 e 55)"
"C","C185","","","","True","","","3","1:N","OC","Informações Complementares Das Operações de Saída de Mercadorias Sujeitas à Substituição Tributária"
"C","C186","","","","True","","","3","1:N","OC","Informações Complementares das Operações de devolução de Entradas de mercadorias sujeitas à Substituição Tributária (Código 01, 1B, 04 e 55)"
"C","C190","True","","","","","","3","1:N","O","Registro Analítico"
"C","C191","","","","","","","4","1:1","","Informações do Fundo de Combate à Pobreza – FCP – na NF-e (Código 55) na NFC-e (Código 65)"
"C","C195","","","","","","","3","1:N","","Observações do lançamento fiscal (Código 01, 1B, 04, 55 e 65)"
"C","C197","","","","","","","4","1:N","","Outras obrigações tributárias, ajustes e informações de valores provenientes de documento fiscal"
"C","C300","","","","True","","","2","1:N","OC","Resumo Diário das NF de Venda a Consumidor"
"C","C310","","","","","","","3","1:N","","Documentos Cancelados"
"C","C320","","","","","","","3","1:N","","Registro analítico do resumo diário"
"C","C321","","","","True","","","4","1:N","OC","Itens do resumo diário"
"C","C330","","","","True","","","5","1:1","OC","Informações Complementares Das Operações De Saída De Mercadorias Sujeitas À Substituição Tributária"
"C","C350","","","","True","","","2","1:N","OC","Nota Fiscal de Venda a Consumidor"
"C","C370","True","","","","","","3","1:N","O","Itens da nota fiscal de venda ao consumidor"
"C","C380","","","","True","","","4","1:N","OC","Informações Complementares Das Operações De Saída De Mercadorias Sujeitas À Substituição Tributária(Código 02)"
"C","C390","True","","","","","","3","1:N","O","Registro analítico dos itens da nota fiscal de venda ao consumidor"
"C","C400","","","","True","","","2","1:N","OC","Equipamento ECF"
"C","C405","True","","","","","","3","1:N","O","Redução Z"
"C","C410","","","","True","","","4","1:1","OC","PIS e COFINS totalizados no dia"
"C","C420","True","","","","","","4","1:N","O","Totalizados parcial da Redução Z"
"C","C425","","","","True","","","5","1:N","OC","Resumo dos itens do movimento diário"
"C","C430","","","","True","","","6","1:N","OC","Informações Complementares das Operações de Saída de Mercadorias Sujeitas à Substituição Tributária (Código 02, 2D e 60)"
"C","C460","","","","True","","","4","1:N","OC","Documento fiscal emitido por ECF"
"C","C465","True","","","","","","5","1:1","O","Complemento do Cupom Fiscal Eletrônico emitido por ECF – CF-e-ECF (Código 60)"
"C","C470","True","","","","","","5","1:N","O","Itens do documento fiscal emitido por ECF"
"C","C480","","","","True","","","6","1:N","OC","Informações Complementares das Operações de Saída de Mercadorias Sujeitas à Substituição Tributária"
"C","C490","","","","","","","4","1:N","","Registro Analítico"
"C","C500","","","","True","","","2","1:N","OC","Nota Fiscal/Conta de Energia Elétrica (06), Nota Fiscal/Conta de Fornecimento de Gás Canalizado (28), Nota Fiscal/Conta de Fornecimento de Água Canalizada (29) e Nota Fiscal/Conta de Energia Elétrica Eletrônica - NF3e (66)"
"C","C510","","","","True","","","3","1:N","OC","Itens"
"C","C590","True","","","","","","3","1:N","O","Registro Analítico de NF Elétrica(06), NF3e(66), NF Fornecimento d'água canalizada(29) e NF de Consumo e Fornecimento de Gás(28)"
"C","C591","","","","True","","","4","1:1","OC","Informações do Fundo de Combate à Pobreza - FCP na NF3e"
"C","C595","","","","True","","","3","1:N","OC","Observações do Lançamento Fiscal"
"C","C597","","","","True","","","4","1:N","OC","Outras obrigações tributárias, ajustes e informações de valores provenientes de documento fiscal"
"C","C600","","","","True","","","2","1:N","OC","CONSOLIDAÇÃO DIÁRIA DE NOTAS FISCAIS/CONTAS DE ENERGIA ELÉTRICA, NOTA FISCAL/CONTA DE FORNECIMENTO D'ÁGUA E NOTA FISCAL/CONTA DE FORNECIMENTO DE GÁS (EMPRESAS NÃO OBRIGADAS AO CONVÊNIO ICMS 115/03)"
"C","C601","","","","","","","3","1:N","","Documentos Cancelado"
"C","C610","True","","","","","","3","1:N","O","Itens"
"C","C690","True","","","","","","3","1:N","O","Registro Analítico"
"C","C700","","","","True","","","2","1:N","OC","CONSOL. DOCS - NF/CONTAS ENERGIA ELÉTRICA EMITIDAS EM VIA ÚNICA (EMP. OBRIGADA - CONV 115/03) e NF/CONTA DE FORNECIMENTO DE GÁS CANALIZADO"
"C","C790","True","","","","","","3","1:N","O","Registro Analítico"
"C","C791","","","","","","","4","1:N","","Informação de substituição tributária por UF"
"C","C800","","","","True","","","2","1:N","OC","Registro Cupom Eletrônico"
"C","C810","","","","True","","","3","1:N","OC","Itens do Documento do Cupom Fiscal Eletrônico – SAT (CF-E-SAT)"
"C","C815","","","","True","","","4","1:1","OC","Informações Complementares das Operações de Saída de Mercadorias Sujeitas à Substituição Tributária (CF-E-SAT)"
"C","C850","True","","","","","","3","1:N","O","Registro Analitico do CF-e"
"C","C855","","","","","","","3","1:N","","Observações do lançamento fiscal (Código 59)"
"C","C857","","","","","","","4","1:N","","Outras obrigações tributárias, ajustes e informações de valores provenientes de documento fiscal"
"C","C860","","","","True","","","2","1:N","OC","Identificação do equipamento SAT-CF-e"
"C","C870","","","","True","","","3","1:N","OC","Itens do Resumo Diário dos Documentos (CF-E-SAT)"
"C","C880","","","","True","","","3","1:1","OC","Informações Complementares das Operações de Saída de Mercadorias Sujeitas à Substituição Tributária (CF-E-SAT) "
"C","C890","True","","","","","","3","1:N","O","Resumo diário de CF-e por equipamento SAT-CF-e"
"C","C895","","","","","","","3","1:N","","Observações do Lançamento Fiscal (Código 59)"
"C","C897","","","","","","","4","1:N","","Outras obrigações tributárias, ajustes e informações de valores provenientes de documento fiscal"
"C","C990","True","","","","","","1","1:1","O","ENCERRAMENTO DO BLOCO C"
"D","D001","True","","","","","","1","1:1","O","ABERTURA DO BLOCO D"
"D","D100","","","","","","","2","1:N","","Nota Fiscal de Serviço de Transporte e Conhecimentos de Transporte Rodoviário de Cargas, Aquaviário de Cargas, Aéreo , Ferroviário de Cargas, Multimodal de Cargas, Nota Fiscal De Transporte Ferroviário De Carga E Conhecimento De Transporte Eletrônico – CT-e, Conhecimento de Transporte Eletrônico para outros serviços - CT-e OS e Bilhete de Passagem Eletrônico BP-e"
"D","D101","","","","","","","3","1:1","","Informação complementar dos documentos fiscais quando das prestações interestaduais destinadas a consumidor final não contribuinte EC 87/15 (Código 57, 63 e 67)"
"D","D110","","","","True","","","3","1:N","OC","Itens"
"D","D120","True","","","","","","4","1:N","O","COMPLEMENTO DA NOTA FISCAL DE SERVIÇOS DE TRANSPORTE"
"D","D130","","","","True","","","3","1:N","OC","Complemento do conhecimento rodoviário de cargas, avulso e de transporte eletrônico simplificado - código 57, tp_cte 5 e 6"
"D","D140","","","","True","","","3","1:1","OC","COMPLEMENTO DO CONHECIMENTO AQUAVIÁRIO DE CARGAS"
"D","D150","","","","True","","","3","1:1","OC","COMPLEMENTO DO CONHECIMENTO AÉREO"
"D","D160","","","","True","","","3","1:N","OC","Carga Transportada"
"D","D161","","","","True","","","4","1:1","OC","Local Coleta/Entrega"
"D","D162","","","","","","","4","1:N","","IDENTIFICAÇÃO DOS DOCUMENTOS FISCAIS"
"D","D170","","","","True","","","3","1:1","OC","COMPLEMENTO DO CONHECIMENTO MULTIMODAL DE CARGAS"
"D","D180","","","","","","","3","1:N","","Modais"
"D","D190","True","","","","","","3","1:N","O","Registro Analítico"
"D","D195","","","","","","","3","1:N","","Observações do Lançamento Fiscal (Código 07, 08, 8B, 09, 10, 11, 26, 27, 57, 63 e 67)"
"D","D197","","","","","","","4","1:N","","Outras obrigações tributárias, ajustes e informações de valores provenientes de documento fiscal"
"D","D300","","","","True","","","2","1:N","OC","REG ANALÍTICO BILHETES CONSOL PASSAGEM RODOVIÁRIO, AQUAVIÁRIO, PASSAGEM E NOTA BAGAGEM E FERROVIÁRIO"
"D","D301","","","","","","","3","1:N","","Documentos Cancelado"
"D","D310","","","","True","","","3","1:N","OC","COMPLEMENTO DOS BILHETES"
"D","D350","","","","True","","","2","1:N","OC","ECF - Cupom Fiscal Bilhete de Passagem/Bilhete de Passagem Rodoviário/Bilhete de Passagem Aquaviário/Bilhete de Passagem e Nota de Bagagem/Bilhete de Passagem Ferroviário"
"D","D355","True","","","","","","3","1:N","O","Redução Z"
"D","D360","","","","True","","","4","1:1","OC","PIS E COFINS TOTALIZADOS NO DIA"
"D","D365","True","","","","","","4","1:N","O","TOTALIZADORES PARCIAIS DA REDUÇÃO Z"
"D","D370","","","","True","","","5","1:N","OC","COMPLEMENTO DOS DOCUMENTOS INFORMADOS"
"D","D390","True","","","","","","4","1:N","O","Registro Analítico"
"D","D400","","","","True","","","2","1:N","OC","Resumo de Movimento Diário"
"D","D410","True","","","","","","3","1:N","O","DOCUMENTOS FISCAIS INFORMADOS"
"D","D411","","","","","","","4","1:N","","Documentos Cancelados"
"D","D420","","","","True","","","3","1:N","OC","COMPLEMENTO DOS DOCUMENTOS INFORMADOS"
"D","D500","","","","True","","","2","1:N","OC","NF de Comunicação e de Telecomunicação"
"D","D510","","","","True","","","3","1:N","OC","Itens"
"D","D530","","","","True","","","3","1:N","OC","Terminal Faturado"
"D","D590","","","","True","","","3","1:N","OC","Registro Analítico"
"D","D600","","","","True","","","2","1:N","OC","NF de Comunicação e de Telecomunicação - Consolidadas"
"D","D610","True","","","","","","3","1:N","O","Itens"
"D","D690","True","","","","","","3","1:N","O","Registro Analítico"
"D","D695","","","","True","","","2","1:N","OC","NF Comunicação e Telecomunicação Consolidada - Convênio 115"
"D","D696","True","","","","","","3","1:N","O","Registro Analítico"
"D","D697","","","","","","","4","1:N","","Registro de Informações de outras UFs. relativamente aos serviços “não-medidos” de televisão por assinatura via Satélite"
"D","D700","","","","True","","","2","1:N","OC","Nota Fiscal Fatura Eletrônica de Serviços de Comunicação – NFCom (CÓDIGO 62):"
"D","D730","True","","","","","","3","1:N","O","Registro Analítico Nota Fiscal Fatura Eletrônica de Serviços de Comunicação – NFCom (código 62)."
"D","D731","","","","","","","4","1:1","","Registro de Informações de outras UFs. relativamente aos serviços “não-medidos” de televisão por assinatura via Satélite"
"D","D735","","","","","","","3","1:N","","Observações do Lançamento Fiscal (código 62)"
"D","D737","","","","","","","4","1:N","","Outras Obrigações Tributárias, Ajustes e Informações de valores provenientes de documento fiscal"
"D","D750","","","","True","","","2","1:N","OC","Escrituração Consolidada da Nota Fiscal Fatura Eletrônica de Serviços de Comunicação – NFCom (CÓDIGO 62):"
"D","D760","","","","True","","","3","1:N","OC","Registro Analítico da Escrituração Consolidada da Nota Fiscal Fatura Eletrônica de Serviços de Comunicação – NFCom (CÓDIGO 62):"
"D","D761","","","","True","","","4","1:1","OC","Registro D761: Informações do Fundo de Combate à Pobreza – FCP – (código 62)"
"D","D990","True","","","","","","1","1:1","O","ENCERRAMENTO DO BLOCO D"
"E","E001","True","","","","","","1","1:1","O","ABERTURA DO BLOCO E"
"E","E100","True","","","","","","2","1:N","O","PERÍODO DA APURAÇÃO DO ICMS"
"E","E110","True","","","","","","3","1:1","O","Valores de Apuração"
"E","E111","","","","","","","4","1:N","","Ajuste/Benefício/Incentivo"
"E","E112","","","","","","","5","1:N","","Informações Adicionais da Apuração"
"E","E113","","","","","","","5","1:N","","Identificação dos Documentos Fiscais"
"E","E115","","","","","","","4","1:N","","Informações Adicionais – Valores Declaratórios"
"E","E116","","","","","","","4","1:N","","Obrigações do ICMS recolhido ou a recolher - Operações Próprias"
"E","E200","","","","","","","2","1:N","","PERÍODO DA APURAÇÃO DO ICMS - SUBSTITUIÇÃO TRIBUTÁRIA"
"E","E210","True","","","","","","3","1:1","O","Valores de Apuração"
"E","E220","","","","","","","4","1:N","","Ajuste/Benefício/Incentivo"
"E","E230","","","","","","","5","1:N","","Informação Adicional da Apuração ICMS-ST"
"E","E240","","","","","","","5","1:N","","Identificação dos Documentos Fiscais"
"E","E250","","","","","","","4","1:N","","Obrigações do ICMS recolhido ou a recolher - Substituição Tributária"
"E","E300","","","","","","","2","1:N","","Período de apuração do ICMS diferencial de alíquota – UF origem/destino EC 87/15"
"E","E310","True","","","","","","3","1:1","O","Apuração do ICMS diferencial de alíquota – UF origem/destino EC 87/15"
"E","E311","","","","","","","4","1:N","","Ajuste/benefício/incentivo da apuração do Fundo de Combate à Pobreza e do ICMS Diferencial de Alíquota UF origem/destino EC 87/15"
"E","E312","","","","","","","5","1:N","","Informações adicionais dos ajustes da apuração do Fundo de Combate à Pobreza e do ICMS diferencial de alíquota – UF origem/destino EC 87/15"
"E","E313","","","","","","","5","1:N","","Informações adicionais da apuração do Fundo de Combate à Pobreza e do ICMS diferencial de alíquota – UF origem/destino EC 87/15 identificação dos documentos fiscais"
"E","E316","","","","","","","4","1:N","","Obrigações Recolhidas ou à recolher - Fundo de Combate à Pobreza e ICMS diferencial de alíquota UF origem/destino EC 87/15"
"E","E500","","","","","","","2","1:N","","PERÍODO DE APURAÇÃO DO IPI"
"E","E510","","","","","","","3","1:N","","Valores Consolidados"
"E","E520","True","","","","","","3","1:1","O","Apuração"
"E","E530","","","","","","","4","1:N","","Ajustes"
"E","E531","","","","","","","4","1:N","","Informações Adicionais dos Ajustes da Apuração do IPI – identificação dos documentos fiscais e suas respectivas regras de importação e validação"
"E","E990","True","","","","","","1","1:1","O","ENCERRAMENTO DO BLOCO E"
"G","G001","True","","","","","","1","1:1","O","Abertura do Bloco G"
"G","G110","","","","","","","2","1:N","","ICMS – Ativo Permanente – CIAP"
"G","G125","True","","","","","","3","1:N","O","Movimentação de bem ou componente do Ativo Imobilizado"
"G","G126","","","","","","","4","1:N","","Outros créditos CIAP"
"G","G130","","","","","","","4","1:N","","Identificação do documento fiscal"
"G","G140","True","","","","","","5","1:N","O","Identificação do item do documento fiscal"
"G","G990","True","","","","","","1","1:1","O","Encerramento do Bloco G"
"H","H001","True","","","","","","1","1:1","O","ABERTURA DO BLOCO H"
"H","H005","","","","True","","","2","1:N","OC","Totais do Inventário"
"H","H010","","","","","","","3","1:N","","INVENTÁRIO"
"H","H020","","","","","","","4","1:N","","INFORMAÇÃO COMPLEMENTAR DO INVENTÁRIO"
"H","H030","","","","","","","4","1:1","","INFORMAÇÕES COMPLEMENTARES DO INVENTÁRIO DAS MERCADORIAS SUJEITAS AO REGIME DE SUBSTITUIÇÃO TRIBUTÁRIA"
"H","H990","True","","","","","","1","1:1","O","ENCERRAMENTO DO BLOCO H"
"K","K001","True","","","","","","1","1:1","O","ABERTURA DO BLOCO K"
"K","K010","","","","True","","","2","1:1","OC","Informação sobre o Tipo de Leiaute (Completo/Simplificado)"
"K","K100","","","","","","","2","1:N","","Período de Apuração do ICMS/IPI"
"K","K200","","","","","","","3","1:N","","Estoque Escriturado"
"K","K210","","","","","","","3","1:N","","Desmontagem de Mercadoria - Item de Origem"
"K","K215","","","","","","","4","1:N","","Desmontagem de Mercadoria - Item de Destino"
"K","K220","","","","","","","3","1:N","","Outras Movimentações Internas entre Mercadorias"
"K","K230","","","","","","","3","1:N","","Itens Produzidos"
"K","K235","","","","","","","4","1:N","","Insumos Consumidos"
"K","K250","","","","","","","3","1:N","","Industrialização Efetuada por Terceiros – Itens Produzidos"
"K","K255","","","","True","","","4","1:N","OC","Industrialização em Terceiros – Insumos Consumidos"
"K","K260","","","","","","","3","1:N","","Reprocessamento/Reparo de produto/insumo"
"K","K265","","","","","","","4","1:N","","Reprocessamento/Reparo - mercadorias consumidas e/ou retornadas"
"K","K270","","","","","","","3","1:N","","Correção de apontamento dos registros K210, K220, K230, K250 E K260"
"K","K275","","","","","","","4","1:N","","Correção de apontamento e retorno de insumos dos registros K215, K220, K235, K255 e K265"
"K","K280","","","","","","","3","1:N","","Correção de Apontamento - Estoque Escriturado"
"K","K290","","","","","","","3","1:N",""," Produção Conjunta - Ordem de Produção"
"K","K291","","","","","","","4","1:N","","Produção Conjunta – Itens Produzidos"
"K","K292","","","","","","","4","1:N","","Produção Conjunta – Insumos Consumidos"
"K","K300","","","","","","","3","1:N","","Produção Conjunta - Industrialização Efetuada por Teceiros"
"K","K301","True","","","","","","4","1:N","O","Produção Conjunta – Industrialização Efetuada por Terceiros - Itens Produzidos"
"K","K302","","","","True","","","4","1:N","OC","Produção Conjunta – Industrialização Efetuada por Terceiros - Insumos Consumidos"
"K","K990","True","","","","","","1","1:1","O","ENCERRAMENTO DO BLOCO K"
"1","1001","True","","","","","","1","1:1","O","ABERTURA DO BLOCO 1"
"1","1010","True","","","","","","2","1:1","O","OBRIGATORIEDADE DE REGISTROS DO BLOCO 1"
"1","1100","","","","","","","2","1:N","","Exportação"
"1","1105","","","","","","","3","1:N","","Documento Fiscal de Exportação"
"1","1110","","","","","","","4","1:N","","OPERAÇÕES DE EXPORTAÇÃO INDIRETA DE PRODUTOS NÃO INDUSTRIALIZADOS PELO ESTABELECIMENTO EMITENTE"
"1","1200","","","","","","","2","1:N","","CONTROLE DE CRÉDITOS FISCAIS - ICMS"
"1","1210","","","","","","","3","1:N","","UTILIZAÇÃO DE CRÉDITOS FISCAIS - ICMS"
"1","1250","","","","","","","2","1:1","","Informações Consolidadas de Saldos de Restituição, Ressarcimento e Complementação do ICMS"
"1","1255","","","","","","","3","1:N","","Informações Consolidadas de Saldos de Restituição, ressarcimento e complementação do ICMS por motivo"
"1","1300","","","","","","","2","1:N","","Movimentação Diária"
"1","1310","True","","","","","","3","1:N","O","Movimentação Diária por Tanque"
"1","1320","","","","True","","","4","1:N","OC","Volume de Vendas"
"1","1350","","","","True","","","2","1:N","OC","Bombas"
"1","1360","True","","","","","","3","1:N","O","Lacres"
"1","1370","True","","","","","","3","1:N","O","Bicos"
"1","1390","","","","","","","2","1:N","","Controle de Produção de Usina"
"1","1391","True","","","","","","3","1:N","O","Produção diária da Usina"
"1","1400","","","","","","","2","1:N","","Valores Agregados"
"1","1500","","","","","","","2","1:N","","Saídas Interestaduais - Energia Elétrica"
"1","1510","","","","","","","3","1:N","","Itens"
"1","1601","","","","","","","2","1:N","","Operações com instrumentos de Pagamentos Eletrônicos"
"1","1700","","","","","","","2","1:N","","DOCUMENTOS FISCAIS UTILIZADOS"
"1","1710","","","","","","","3","1:N","","DOCUMENTOS FISCAIS CANCELADOS/INUTILIZADOS"
"1","1800","","","","","","","2","1:N","","DEMONSTRATIVO DE CRÉDITO DO ICMS SOBRE TRANSPORTE AÉREO"
"1","1900","","","","","","","2","1:N","","Indicador de Sub-apuração do ICMS"
"1","1910","True","","","","","","3","1:N","O","Período da Sub-apuração do ICMS"
"1","1920","True","","","","","","4","1:1","O","SUB-APURAÇÃO DO ICMS"
"1","1921","","","","","","","5","1:N","","Ajuste/Benefício/Incentivo"
"1","1922","","","","","","","6","1:N","","Informação Adicional da Sub-apuração do ICMS"
"1","1923","","","","","","","6","1:N","","Identificação dos Documentos Fiscais"
"1","1925","","","","","","","5","1:N","","Valores Declaratórios"
"1","1926","","","","","","","5","1:N","","Obrigações do ICMS a recolher"
"1","1960","","","","","","","2","1:N","","GIAF 1 - Guia de Informação e Apuração de Incentivos Fiscais e Financeiros: Indústria (Crédito Presumido)"
"1","1970","","","","","","","2","1:N","","Guia De Informação e Apuração de Incentivos Fiscais e Financeiros: Importação (Diferimento na Entrada e Crédito Presumido na Saída Subsequente)"
"1","1975","True","","","","","","3","1:N","O","Guia de Informação e Apuração de Incentivos Fiscais e Financeiros: Importação (Saídas Internas por Faixa de Alíquota)"
"1","1980","","","","","","","2","1:1","","Guia de Informação e Apuração de Incentivos Fiscais e Financeiros: Central de Distribuição (Entradas/Saídas)"
"1","1990","True","","","","","","1","1:1","O","ENCERRAMENTO DO BLOCO 1"
"9","9001","True","","","","","","1","1:1","O","ABERTURA DO BLOCO 9"
"9","9900","True","","","","","","2","1:N","O","REGISTROS DO ARQUIVO"
"9","9990","True","","","","","","1","1:1","O","ENCERRAMENTO DO BLOCO 9"
"9","9999","True","","","","","","0","1:1","O","ENCERRAMENTO DO ARQUIVO DIGITAL"
