"register","field","values"
"0000","COD_FIN","0=Remessa do arquivo original;1=Remessa do arquivo substituto"
"0000","IND_PERFIL","A=Perfil A;B=Perfil B;C=Perfil C"
"0000","IND_ATIV","0=Industrial ou equiparado a industrial;1=Outras"
"0001","IND_MOV","0=Bloco com dados informados;1=Bloco sem dados informados"
"0175","NR_CAMPO","03=Nome;04=Código do País;05=CNPJ;06=CPF;08=Código do Município;09=Inscrição na Suframa;10=Logradouro;11=Número;12=Complemento;13=Bairro;"
"0200","TIPO_ITEM","00=Mercadoria para Revenda;01=Matéria-Prima;02=Embalagem;03=Produto em Processo;04=Produto Acabado;05=Subproduto;06=Produto Intermediário;07=Material de Uso e Consumo;08=Ativo Imobilizado;09=Serviços;10=Outros insumos;99=Outros"
"0300","IDENT_MERC","1=bem;2=componente"
"0500","COD_NAT_CC","01=Contas de ativo;02=Contas de passivo;03=Patrimônio líquido;04=Contas de resultado;05=Contas de compensação;09=Outras"
"0500","IND_CTA","S=Sintética (grupo de contas);A=Analítica (conta)"
"B001","IND_MOV","0=Bloco com dados informados;1=Bloco sem dados informados"
"B020","IND_OPER","0=Entrada;1=Saída"
"B020","IND_EMIT","0=Emissão própria;1=Terceiros"
"B020","COD_MOD","01=Nota Fiscal;03=Nota Fiscal de Serviços;3B=Nota Fiscal de Serviços - Modelo Avulso;04=Nota Fiscal de Produtor;08=Conhecimento de Transporte Rodoviário de Cargas;55=Nota Fiscal Eletrônica;65=NF Eletrônica para consumidor final;66=Nota Fiscal/Conta de Energia Elétrica Eletrônica - NF3e"
"B440","IND_OPER","0=Entrada;1=Saída"
"B460","IND_DED","0=Compensação do ISS calculado a maior;1=Benefício fiscal por incentivo à cultura;2=Decisão administrativa ou judicial;9=Outros"
"B460","IND_PROC","0=Sefin;1=Justiça Federal;2=Justiça Estadual;9=Outros"
"B460","IND_OBR","0=ISS Próprio;1=ISS Substituto (devido pelas aquisições de serviços do declarante);2=ISS Uniprofissionais"
"B510","IND_PROF","0=Profissional habilitado;1=Profissional não habilitado"
"B510","IND_ESC","0=Nível superior;1=Nível médio"
"B510","IND_SOC","0=Sócio;1=Não sócio"
"C001","IND_MOV","0=Bloco com dados informados;1=Bloco sem dados informados"
"C100","IND_OPER","0=Entrada;1=Saída"
"C100","IND_EMIT","0=Emissão própria;1=Terceiros"
"C100","COD_MOD","01=Nota Fiscal;1B=Nota Fiscal Avulsa;04=Nota Fiscal de Produtor;55=Nota Fiscal Eletrônica;65=NF Eletrônica para consumidor final"
"C100","IND_PGTO","0=A vista;1=A prazo;2=Outros"
"C100","IND_FRT","0=Contratação do Frete por conta do Remetente(CIF);1=Contratação do Frete por conta do destinatário(FOB);2=Contratação do Frete por conta de terceiros;3=Transporte Próprio por conta do Rementente;4=Transporte Próprio por conta do Destinatário;9=Sem Ocorrência de Transporte"
"C105","OPER","0=Combustíveis e Lubrificantes;1=Leasing de veículos ou faturamento direto;2=Recusa de recebimento (de acordo com as condições descritas nas instruções do Registro)"
"C111","IND_PROC","0=Sefaz;1=Justiça Federal;2=Justiça Estadual;3=Secex/SRF;9=Outros"
"C112","COD_DA","0=documento estadual de arrecadação;1=GNRE"
"C113","IND_OPER","0=Entrada;1=Saída"
"C113","IND_EMIT","0=Emissão Própria;1=Terceiros"
"C114","COD_MOD","02=Nota Fiscal de Venda a Consumidor;2D=Cupom Fiscal emitido por ECF;2E=Bilhete de Passagem emitido por ECF"
"C115","IND_CARGA","0=Rodoviário;1=Ferroviário;2=Rodo-Ferroviário;3=Aquaviário;4=Dutoviário;5=Aéreo;9=Outros"
"C120","COD_DOC_IMP","0=Declaração de Importação;1=Declaração Simplificada de Importação;2=Declaração Única de Importação (DUIMP)"
"C140","IND_EMIT","0=Emissão própria;1=Terceiros"
"C140","IND_TIT","00=Duplicata;01=Cheque;02=Promissória;03=Recibo;99=Outros (descrever)"
"C170","IND_MOV","0=Sim;1=Não"
"C170","IND_APUR","0=Mensal;1=Decendial"
"C173","IND_MED","0=Base de cálculo referente ao preço tabelado ou preço máximo sugerido;1=Base cálculo – Margem de valor agregado;2=Base de cálculo referente à Lista Negativa;3=Base de cálculo referente à Lista Positiva;4=Base de cálculo referente à Lista Neutra"
"C173","TP_PROD","0=Similar;1=Genérico;2=Ético ou de marca"
"C174","IND_ARM","0=Uso permitido;1=Uso restrito"
"C175","IND_VEIC_OPER","0=Venda para concessionária;1=Faturamento direto;2=Venda direta;3=Venda da concessionária;9=Outros"
"C176","COD_MOD_ULT_E","01=Nota Fiscal;55=Nota Fiscal Eletrônica"
"C176","COD_RESP_RET","1=Remetente Direto regime comum;2=Remetente Indireto;3=Próprio declarante;4=Remetente Direto Simples Nacional"
"C176","COD_MOT_RES","1=Venda para outra UF;2=Saída amparada por isenção ou não incidência;3=Perda ou deterioração;4=Furto ou roubo;5=Exportação;6=Venda interna para Simples Nacional;9=Outros"
"C176","COD_DA","0=Documento estadual de arrecadação;1=GNRE"
"C180","COD_RESP_RET","1=Remetente Direto;2=Remetente Indireto;3=Próprio declarante"
"C180","COD_DA","0=Documento estadual de arrecadação;1=GNRE"
"C181","COD_MOD_SAIDA","01=Nota Fiscal;1B=Nota Fiscal Avulsa;02=Nota Fiscal de Venda a Consumidor;2D=Cupom Fiscal emitido por ECF;04=Nota Fiscal de Produtor;55=Nota Fiscal Eletrônica;59=Cupom Fiscal Eletrônico - CF-e;60=CF-e-ECF;65=NF Eletrônica para consumidor final"
"C186","COD_MOD_ENTRADA","01=Nota Fiscal;1B=Nota Fiscal Avulsa;04=Nota Fiscal de Produtor;55=Nota Fiscal Eletrônica"
"C300","COD_MOD","02=Nota Fiscal de Venda a Consumidor;"
"C400","COD_MOD","02=Nota Fiscal de Venda a Consumidor;2D=Cupom Fiscal emitido por ECF;60=CF-e-ECF"
"C460","COD_MOD","02=Nota Fiscal de Venda a Consumidor;2D=Cupom Fiscal emitido por ECF;60=CF-e-ECF"
"C500","IND_OPER","0=Entrada;1=Saída"
"C500","IND_EMIT","0=Emissão própria;1=Terceiros"
"C500","COD_MOD","06=Nota Fiscal/Conta de Energia Elétrica;28=Nota Fiscal/Conta de Fornecimento de Gás Canalizado;29=Nota Fiscal/Conta de Fornecimento de Água Canalizada;66=Nota Fiscal/Conta de Energia Elétrica Eletrônica - NF3e"
"C500","TP_LIGACAO","1=Monofásico;2=Bifásico;3=Trifásico"
"C500","COD_GRUPO_TENSAO","01=A1 - Alta Tensão (230kV ou mais);02=A2 - Alta Tensão (88 a 138kV);03=A3 - Alta Tensão (69kV);04=A3a - Alta Tensão (30kV a 44kV);05=A4 - Alta Tensão (2,3kV a 25kV);06=AS - Alta Tensão Subterrâneo 06;07=B1 - Residencial 07;08=B1 - Residencial Baixa Renda 08;09=B2 - Rural 09;10=B2 - Cooperativa de Eletrificação Rural;11=B2 - Serviço Público de Irrigação;12=B3 - Demais Classes;13=B4a - Iluminação Pública - rede de distribuição;14=B4b - Iluminação Pública - bulbo de lâmpada"
"C500","FIN_DOCE","1=Normal;2=Substituição;3=Normal com ajuste"
"C500","IND_DEST","1=Contribuinte do ICMS;2=Contribuinte Isento de Inscrição no Cadastro de Contribuintes do ICMS;9=Não contribuinte"
"C500","COD_MOD_DOC_REF","06=Nota Fiscal/Conta de Energia Elétrica;66=Nota Fiscal/Conta de Energia Elétrica Eletrônica - NF3e"
"C510","IND_REC","0=Receita própria;1=Receita de terceiros"
"C600","COD_MOD","06=Nota Fiscal/Conta de Energia Elétrica;28=Nota Fiscal/Conta de Fornecimento de Gás Canalizado;29=Nota Fiscal/Conta de Fornecimento de Água Canalizada"
"C700","COD_MOD","06=Nota Fiscal/Conta de Energia Elétrica;28=Nota Fiscal/Conta de Fornecimento de Gás Canalizado;66=Nota Fiscal/Conta de Energia Elétrica Eletrônica - NF3e"
"D001","IND_MOV","0=Bloco com dados informados;1=Bloco sem dados informados"
"D100","IND_OPER","0=Entrada;1=Saída"
"D100","IND_EMIT","0=Emissão própria;1=Terceiros"
"D100","COD_MOD","07=Nota Fiscal de Serviço de Transporte;08=Conhecimento de Transporte Rodoviário de Cargas;8B=Conhecimento de Transporte de Cargas Avulso;09=Conhecimento de Transporte Aquaviário de Cargas;10=Conhecimento Aéreo;11=Conhecimento de Transporte Ferroviário de Cargas;26=Conhecimento de Transporte Multimodal de Cargas;27=Nota Fiscal de Transporte Ferroviário de Cargas;57=Conhecimento de Transporte Eletrônico – CT-e;63=Bilhete de Passagem Eletrônico - BP-e;67=CTe OS"
"D100","IND_FRT","0=Por conta do emitente;1=Por conta do destinatário/remetente;2=Por conta de terceiros;9=Sem cobrança de frete"
"D130","IND_FRT_RED","0=Sem redespacho;1=Por conta do emitente;2=Por conta do destinatário;9=Outros"
"D140","IND_VEIC","0=Embarcação;1=Empurrador/rebocador"
"D140","IND_NAV","0=Interior;1=Cabotagem"
"D150","IND_TFA","0=Exp;1=Enc;2=CI;9=Outra"
"D161","IND_CARGA","0=Rodoviário;1=Ferroviário;2=Rodo-Ferroviário;3=Aquaviário;4=Dutoviário;5=Aéreo;9=Outros"
"D162","COD_MOD","01=Nota Fiscal;1B=Nota Fiscal Avulsa;04=Nota Fiscal de Produtor;55=Nota Fiscal Eletrônica"
"D170","IND_NAT_FRT","0=Negociável;1=Não negociável"
"D180","IND_EMIT","0=Emissão própria;1=Terceiros"
"D300","COD_MOD","13=Bilhete de Passagem Rodoviário;14=Bilhete de Passagem Aquaviário;15=Bilhete de Passagem e Nota de Bagagem;16=Bilhete de Passagem Ferroviário"
"D350","COD_MOD","2E=Bilhete de Passagem emitido por ECF;13=Bilhete de Passagem Rodoviário;14=Bilhete de Passagem Aquaviário;15=Bilhete de Passagem e Nota de Bagagem;16=Bilhete de Passagem Ferroviário"
"D410","COD_MOD","13=Bilhete de Passagem Rodoviário;14=Bilhete de Passagem Aquaviário;15=Bilhete de Passagem e Nota de Bagagem;16=Bilhete de Passagem Ferroviário"
"D500","IND_OPER","0=Entrada;1=Saída"
"D500","IND_EMIT","0=Emissão própria;1=Terceiros"
"D500","COD_MOD","21=Nota Fiscal de Serviço de Comunicação;22=Nota Fiscal de Serviço de Telecomunicação"
"D500","TP_ASSINANTE","1=Comercial/Industrial;2=Poder Público;3=Residencial/Pessoa física;4=Público;5=Semi-Público;6=Outros"
"D510","IND_REC","0=Receita própria - serviços prestados;1=Receita própria - cobrança de débitos;2=Receita própria - venda de mercadorias;3=Receita própria - venda de serviço pré-pago;4=Outras receitas próprias;5=Receitas de terceiros (co-faturamento);9=Outras receitas de terceiros"
"D530","IND_SERV","0=Telefonia;1=Comunicação de dados;2=TV por assinatura;3=Provimento de acesso à Internet;4=Multimídia;9=Outros"
"D600","COD_MOD","21=Nota Fiscal de Serviço de Comunicação;22=Nota Fiscal de Serviço de Telecomunicação"
"D695","COD_MOD","21=Nota Fiscal de Serviço de Comunicação;22=Nota Fiscal de Serviço de Telecomunicação"
"D700","IND_OPER","0=Aquisição;1=Prestação"
"D700","IND_EMIT","0=Emissão própria;1=Terceiros"
"D700","FIN_DOCE","0=NFCom Normal;3=NFCom de Substituição;4=NFCom de ajuste"
"D700","TIP_FAT","0=Faturamento Normal;1=Faturamento Centralizado;2=Cofaturamento"
"D700","COD_MOD_DOC_REF","62=NFCom;21=Nota Fiscal de Serviço de Comunicação;22=Nota Fiscal de Serviço de Telecomunicação"
"D750","IND_PREPAGO","0=Pré-pago;1=Pós-pago"
"E001","IND_MOV","0=Bloco com dados informados;1=Bloco sem dados informados"
"E112","IND_PROC","0=Sefaz;1=Justiça Federal;2=Justiça Estadual;9=Outros"
"E116","IND_PROC","0=Sefaz;1=Justiça Federal;2=Justiça Estadual;9=Outros"
"E210","IND_MOV_ST","0=Sem operações com ST;1=Com operações de ST"
"E230","IND_PROC","0=Sefaz;1=Justiça Federal;2=Justiça Estadual;9=Outros"
"E250","IND_PROC","0=Sefaz;1=Justiça Federal;2=Justiça Estadual;9=Outros"
"E310","IND_MOV_DIFAL","0=Sem operações com ICMS diferencial de alíquota da UF de origem/destino;1=Com operações de ICMS diferencial de alíquota da UF de origem/destino"
"E312","IND_PROC","0=Sefaz;1=Justiça Federal;2=Justiça Estadual;9=Outros"
"E316","IND_PROC","0=Sefaz;1=Justiça Federal;2=Justiça Estadual;9=Outros"
"E500","IND_APUR","0=Mensal;1=Decendial"
"E530","IND_AJ","0=Ajuste a débito;1=Ajuste a crédito"
"E530","IND_DOC","0=Processo Judicial;1=Processo Administrativo;2=PER/DCOMP;3=Documento Fiscal;9=Outros"
"E531","COD_MOD","01=Nota Fiscal;55=Nota Fiscal Eletrônica"
"G001","IND_MOV","0=Bloco com dados informados;1=Bloco sem dados informados"
"G125","TIPO_MOV","SI=Saldo inicial de bens imobilizados;IM=Imobilização de bem individual;IA=Imobilização em Andamento - Componente;CI=Conclusão de Imobilização em Andamento – Bem Resultante;MC=Imobilização oriunda do Ativo Circulante;BA=Baixa do bem - Fim do período de apropriação;AT=Alienação ou Transferência;PE=Perecimento, Extravio ou Deterioração;OT=Outras Saídas do Imobilizado"
"G130","IND_EMIT","0=Emissão própria;1=Terceiros"
"G130","COD_MOD","01=Nota Fiscal;1B=Nota Fiscal Avulsa;04=Nota Fiscal de Produtor;07=Nota Fiscal de Serviço de Transporte;08=Conhecimento de Transporte Rodoviário de Cargas;8B=Conhecimento de Transporte de Cargas Avulso;09=Conhecimento de Transporte Aquaviário de Cargas;10=Conhecimento Aéreo;26=Conhecimento de Transporte Multimodal de Cargas;27=Nota Fiscal de Transporte Ferroviário de Cargas;55=Nota Fiscal Eletrônica;57=Conhecimento de Transporte Eletrônico - CT-e"
"H001","IND_MOV","0=Bloco com dados informados;1=Bloco sem dados informados"
"H005","MOT_INV","01=No final no período;02=Na mudança de forma de tributação da mercadoria(ICMS);03=Na solicitação da baixa cadastral, paralisação temporária;04=Na alteração de regime de pagamento – condição do contribuinte;05=Por determinação dos fiscos;06=Para controle das mercadorias sujeitas ao regime de substituição tributária – restituição/ressarcimento/complementação"
"H010","IND_PROP","0=Item de propriedade do informante e em seu poder;1=Item de propriedade do informante em posse de terceiros;2=Item de propriedade de terceiros em posse do informante"
"K001","IND_MOV","0=Bloco com dados informados;1=Bloco sem dados informados"
"K010","IND_TP_LEIAUTE","0=Leiaute Simplificado;1=Leiaute Completo;2=Leiaute restrito aos saldos de estoque"
"K200","IND_EST","0=Estoque de propriedade do informante e em seu poder;1=Estoque de propriedade do informante e em posse de terceiros;2=Estoque de propriedade de terceiros e em posse do informante"
"K270","ORIGEM","1=Correção de apontamento de produção e/ou consumo relativo aos Registros K230/K235;2=Correção de apontamento de produçãoe/ou consumo relativo aos Registros K250/K255;3=Correção de apontamento de desmontagem e/ou consumo relativo aos Registros K210/K215;4=Correção de apontamento de reprocessamento/reparo e/ou consumo relativo aos Registros K260/K265;5=Correção de apontamento de movimentação interna relativo ao Registro K220;6=Correção de apontamento de produção relativo ao Registro K291;7=Correção de apontamento de consumo relativo ao Registro K292;8=Correção de apontamento de produção relativo ao Registro K301;9=Correção de apontamento de consumo relativo ao Registro K302."
"K280","IND_EST","0=Estoque de propriedade do informante e em seu poder;1=Estoque de propriedade do informante e em posse de terceiros;2=Estoque de propriedade de terceiros e em posse do informante"
"1001","IND_MOV","0=Bloco com dados informados;1=Bloco sem dados informados"
"1010","IND_EXP","S=Sim;N=Não"
"1010","IND_CCRF","S=Sim;N=Não"
"1010","IND_COMB","S=Sim;N=Não"
"1010","IND_USINA","S=Sim;N=Não"
"1010","IND_VA","S=Sim;N=Não"
"1010","IND_EE","S=Sim;N=Não"
"1010","IND_CART","S=Sim;N=Não"
"1010","IND_FORM","S=Sim;N=Não"
"1010","IND_AER","S=Sim;N=Não"
"1010","IND_GIAF1","S=Sim;N=Não"
"1010","IND_GIAF3","S=Sim;N=Não"
"1010","IND_GIAF4","S=Sim;N=Não"
"1010","IND_REST_RESSARC_COMPL_ICMS","S=Sim;N=Não"
"1100","IND_DOC","0=Declaração de Exportação;1=Declaração Simplificada de Exportação;2=Declaração Única de Exportação(DU-E)"
"1100","NAT_EXP","0=Exportação Direta;1=Exportação Indireta"
"1105","COD_MOD","01=Nota Fiscal;55=Nota Fiscal Eletrônica"
"1110","COD_MOD","01=Nota Fiscal;1B=Nota Fiscal Avulsa;04=Nota Fiscal de Produtor;55=Nota Fiscal Eletrônica"
"1350","TIPO_MEDICAO","0=Analógico;1=Digital"
"1391","TP_RESIDUO","01=Bagaço de cana;02=DDG;03=WDG;04=DDG+WDG"
"1500","TP_LIGACAO","1=Monofásico;2=Bifásico;3=Trifásico"
"1500","COD_GRUPO_TENSAO","01=A1 - Alta Tensão (230kV ou mais);02=A2 - Alta Tensão (88 a 138kV);03=A3 - Alta Tensão (69kV);04=A3a - Alta Tensão (30kV a 44kV);05=A4 - Alta Tensão (2,3kV a 25kV);06=AS - Alta Tensão Subterrâneo 06;07=B1 - Residencial 07;08=B1 - Residencial Baixa Renda 08;09=B2 - Rural 09;10=B2 - Cooperativa de Eletrificação Rural;11=B2 - Serviço Público de Irrigação;12=B3 - Demais Classes;13=B4a - Iluminação Pública - rede de distribuição;14=B4b - Iluminação Pública - bulbo de lâmpada"
"1510","IND_REC","0=Receita própria;1=Receita de terceiros"
"1700","COD_DISP","00=Formulário de Segurança - impressor autônomo;01=FS-DA – Formulário de Segurança para Impressão de DANFE;02=Formulário de segurança - NF-e;03=Formulário Contínuo;04=Blocos;05=Jogos Soltos"
"1900","IND_APUR_ICMS","3=APURAÇÃO 1;4=APURAÇÃO 2;5=APURAÇÃO 3;6=APURAÇÃO 4;7=APURAÇÃO 5;8=APURAÇÃO 6"
"1922","IND_PROC","0=SEFAZ;1=Justiça Federal;2= Justiça Estadual;9= Outros"
"1926","IND_PROC","0=SEFAZ;1=Justiça Federal;2=Justiça Estadual;9=Outros"
"1975","ALIQ_IMP_BASE","3,50=03,50%;6,00=06,00%;8,00=08,00%;10,00=10,00%"
"9900","REG_BLC","0000;0001;0002;0005;0015;0100;0150;0175;0190;0200;0205;0206;0210;0220;0221;0300;0305;0400;0450;0460;0500;0600;0990;B001;B020;B025;B030;B035;B050;B350;B420;B440;B460;B470;B500;B510;B990;C001;C100;C101;C105;C110;C111;C112;C113;C114;C115;C116;C120;C130;C140;C141;C160;C165;C170;C171;C172;C173;C174;C175;C176;C177;C178;C179;C180;;C181;C186;C185;C190;C191;C195;C197;C300;C310;C320;C321;C330;C350;C370;C380;C390;C400;C405;C410;C420;C425;C430;C460;C465;C470;C480;C490;C500;C510;C590;C591;C595;C597;C600;C601;C610;C690;C700;C790;C791;C800;C810;C815;C850;C855;C857;C860;C870;C880;C890;C895;C897;C990;D001;D100;D101;D110;D120;D130;D140;D150;D160;D161;D162;D170;D180;D190;D195;D197;D300;D301;D310;D350;D355;D360;D365;D370;D390;D400;D410;D411;D420;D500;D510;D530;D590;D600;D610;D690;D695;D696;D697;D700;D730;D731;D735;D737;D750;D760;D761;D990;E001;E100;E110;E111;E112;E113;E115;E116;E200;E210;E220;E230;E240;E250;E300;E310;E311;E312;E313;E316;E500;E510;E520;E530;E531;E990;G001;G110;G125;G126;G130;G140;G990;H001;H005;H010;H020;H030;H990;K001;K010;K100;K200;K210;K215;K220;K230;K235;K250;K255;K260;K265;K270;K275;K280;K290;K291;K292;K300;K301;K302;K990;1001;1010;1100;1105;1110;1200;1210;1250;1255;1300;1310;1320;1350;1360;1370;1390;1391;1400;1500;1510;1601;1700;1710;1800;1900;1910;1920;1921;1922;1923;1925;1926;1960;1970;1975;1980;1990;9001;9900;9990;9999"
