"block","code","required","conditional_required","level","card","spec_required","desc"
"0","0000","True","","0","1:1","O","Abertura do Arquivo Digital e Identificação da Pessoa Jurídica"
"0","0001","True","","1","1:1","O","Abertura do Bloco 0"
"0","0035","","True","2","1:N","OC","Identificação de SCP"
"0","0100","","","2","1:N","","Dados do Contabilista"
"0","0110","True","","2","1:1","O","Regimes de Apuração da Contribuição Social e de Apropriação de Crédito"
"0","0111","","True","3","1:1","OC","Tabela de Receita Bruta Mensal para Fins de Rateio de Créditos Comuns"
"0","0120","","","2","1:N","","Identificação de EFD Contribuições Sem Dados a Escriturar e Outras Informações de Interesse do Fisco"
"0","0140","","","2","1:N","","Tabela de Cadastro de Estabelecimento"
"0","0150","","","3","1:N","","Tabela de Cadastro do Participante"
"0","0190","","","3","1:N","","Identificação das unidades de medida"
"0","0200","","","3","1:N","","Tabela de Identificação do Item (Produtos e Serviços)"
"0","0205","","","4","1:N","","Alteração do Item"
"0","0206","","","4","1:1","","Código de produto conforme Tabela publicada pela ANP (Combustíveis)"
"0","0208","","","4","1:1","","Código de Grupos por Marca Comercial - REFRI (Bebidas Frias)"
"0","0400","","","3","1:N","","Tabela de Natureza da Operação/ Prestação"
"0","0450","","","3","1:N","","Tabela de Informação Complementar do documento fiscal"
"0","0500","","","2","1:N","","Plano de Contas Contábeis - Contas Informadas"
"0","0600","","","2","1:N","","Centro de Custos"
"0","0900","","True","2","1:1","OC","Composição das Receitas do Período - Receita Bruta e Demais Receitas"
"0","0990","True","","1","1:1","O","Encerramento do Bloco 0"
"A","A001","","","1","1:1","","Abertura do Bloco A"
"A","A010","","True","2","1:N","OC","Identificação do Estabelecimento"
"A","A100","","True","3","1:N","OC","Documento - Nota Fiscal de Serviços"
"A","A110","","","4","1:N","","Complemento de Documento - Informação Complementar da NF"
"A","A111","","","4","1:N","","Processo Referenciado"
"A","A120","","","4","1:N","","Informação Complementar - Operações de Importação"
"A","A170","True","","4","1:N","O","Complemento de Documento - Itens do Documento"
"A","A990","","","1","1:1","","Encerramento do Bloco A"
"C","C001","","","1","1:1","","Abertura do Bloco C"
"C","C010","","True","2","1:N","OC","Identificação do Estabelecimento"
"C","C100","","True","3","1:N","OC","Documento - Nota Fiscal, Nota Fiscal Avulsa, Nota Fiscal de Produtor, Nota Fiscal Eletrônica e Nota Fiscal do Consumidor Eletrônica"
"C","C110","","","4","1:N","","Complemento de Documento - Informação Complementar da Nota Fiscal"
"C","C111","","","4","1:N","","Processo Referenciado"
"C","C120","","","4","1:N","","Complemento de Documento - Operações de Importação"
"C","C170","","True","4","1:N","OC","Complemento de Documento - Itens do Documento"
"C","C175","","True","4","1:N","OC","Registro Analítico do Documento (Código 65)"
"C","C180","","True","3","1:N","OC","Consolidação de Notas Fiscais Eletrônicas Emitidas pela Pessoa Jurídica (Código 55 e 65) - Operações de Vendas"
"C","C181","","","4","1:N","","Detalhamento da Consolidação - Operações de Vendas - PIS/Pasep"
"C","C185","True","","4","1:N","O","Detalhamento da Consolidação - Operações de Vendas - COFINS"
"C","C188","","","4","1:N","","Processo Referenciado"
"C","C190","","True","3","1:N","OC","Consolidação de Notas Fiscais Eletrônicas (Código 55) - Operações de Aquisição com Direito a Crédito, e Operações de Devolução de Compras e Vendas"
"C","C191","True","","4","1:N","O","Detalhamento da Consolidação - Operações de Aquisição com Direito a Crédito, e Operações de Devolução de Compras e Vendas - PIS/Pasep"
"C","C195","True","","4","1:N","O","Detalhamento da Consolidação - Operações de Aquisição com Direito a Crédito, e Operações de Devolução de Compras e Vendas - COFINS"
"C","C198","","","4","1:N","","Processo Referenciado"
"C","C199","","","4","1:N","","Complemento de Documento - Operações de Importação"
"C","C380","","True","3","1:N","OC","C380 - Nota Fiscal de Venda a Consumidor - Consolidação de Documentos Emitidos"
"C","C381","","","4","1:N","","Detalhamento da Consolidação - PIS/Pasep"
"C","C385","","","4","1:N","","Detalhamento da Consolidação - COFINS"
"C","C395","","True","3","1:N","OC","Nota Fiscal de Venda a Consumidor - Aquisições/Entradas com Crédito"
"C","C396","True","","4","1:N","O","Itens do Documento - Aquisições/Entradas com Crédito"
"C","C400","","True","3","1:N","OC","Equipamento ECF"
"C","C405","True","","4","1:N","O","Redução Z"
"C","C481","","","5","1:N","","Resumo Diário de Documentos Emitidos por ECF - PIS/Pasep"
"C","C485","","","5","1:N","","Resumo Diário de Documentos Emitidos por ECF - COFINS"
"C","C489","","","4","1:N","","Processo Referenciado"
"C","C490","","True","3","1:N","OC","Consolidação de Documentos Emitidos por ECF - Saída de Mercadoria"
"C","C491","","","4","1:N","","Detalhamento da Consolidação de Documentos emitidos por ECF - PIS/Pasep"
"C","C495","","","4","1:N","","Detalhamento da Consolidação de Documentos emitidos por ECF - COFINS"
"C","C499","","","4","1:N","","Processo Referenciado - Documentos Emitidos Por ECF"
"C","C500","","True","3","1:N","OC","Nota Fiscal/Conta de Energia Elétrica, Nota Fiscal/Conta de Fornecimento D’Água Canalizada e Nota Fiscal/Consumo Fornecimento de Gás - Documentos de Entrada / Aquisição"
"C","C501","True","","4","1:N","O","Complemento da operação - PIS/Pasep"
"C","C505","True","","4","1:N","O","Complemento da operação - COFINS"
"C","C509","","","4","1:N","","Processo Referenciado"
"C","C600","","True","3","1:N","OC","Consolidação Diária de Notas Fiscais/Contas de Energia Elétrica, Nota Fiscal/Conta de Fornecimento d´água e Nota Fiscal/Conta de Fornecimento de Gás (Empresas Obrigadas ou Não Obrigadas Ao Convenio ICMS 115/03) - Documentos de Saídas"
"C","C601","True","","4","1:N","O","Complemento da Consolidação Diária - Documentos de Saída - PIS/Pasep"
"C","C605","True","","4","1:N","O","Complemento da Consolidação Diária  - Documentos de Saída - COFINS"
"C","C609","","","4","1:N","","Processo Referenciado"
"C","C860","","True","3","1:N","OC","Identificação do Equipamento SAT-CF-e"
"C","C870","","","4","1:N","","Resumo Diário de Documentos Emitidos por Equipamento SAT-CF-e (Código 59) - PIS/Pasep e Cofins"
"C","C880","","","4","1:N","","Resumo Diário de Documentos Emitidos por Equipamento SAT-CF-e (Código 59) - PIS/Pasep e Cofins Apurado por Unidade de Medida de Produto"
"C","C890","","","4","1:N","","Processo Referenciado"
"C","C990","","","1","1:1","","Encerramento do Bloco C"
"D","D001","","","1","1:1","","Abertura do Bloco D"
"D","D010","","True","2","1:N","OC","Identificação do Estabelecimento"
"D","D100","","True","3","1:N","OC","Aquisição de Serviços de Transportes"
"D","D101","","","4","1:N","","Complemento do Documento de Transporte - PIS/Pasep"
"D","D105","","","4","1:N","","Complemento do Documento de Transporte - COFINS"
"D","D111","","","4","1:N","","Processo Referenciado"
"D","D200","","True","3","1:N","OC","Resumo da Escrituração Diária - Prestação de Serviços de Transportes"
"D","D201","","","4","1:N","","Totalização do Resumo Diário - PIS/Pasep"
"D","D205","","","4","1:N","","Totalização do Resumo Diário - COFINS"
"D","D209","","","4","1:N","","Processo Referenciado"
"D","D300","","True","3","1:N","OC","Consolidação Diária - Bilhetes de Passagem"
"D","D309","","","4","1:N","","Processo Referenciado"
"D","D350","","True","3","1:N","OC","Resumo Diário de Cupom Fiscal Emitido por ECF"
"D","D359","","","4","1:N","","Processo Referenciado"
"D","D500","","True","3","1:N","OC","Nota Fiscal de Serviço de Comunicação e Serviço de Telecomunicação - Operação de Aquisição com Direito a Crédito"
"D","D501","","","4","1:N","","Complemento da Operação - PIS/Pasep"
"D","D505","","","4","1:N","","Complemento da Operação - COFINS"
"D","D509","","","4","1:N","","Processo Referenciado"
"D","D600","","True","3","1:N","OC","Consolidação da Prestação de Serviços - Notas de Serviço de Comunicação e de Serviço de Telecomunicação"
"D","D601","","","4","1:N","","Complemento da Consolidação da Prestação de Serviços - PIS/Pasep"
"D","D605","","","4","1:N","","Complemento da Consolidação da Prestação de Serviços - COFINS"
"D","D609","","","4","1:N","","Processo Referenciado"
"D","D990","","","1","1:1","","Encerramento do Bloco D"
"F","F001","True","","1","1:1","O","Abertura do Bloco F"
"F","F010","","","2","1:N","","Identificação do Estabelecimento"
"F","F100","","True","3","1:N","OC","Demais Documentos e Operações Geradoras de Contribuição e Créditos"
"F","F111","","","4","1:N","","Processo Referenciado"
"F","F120","","True","3","1:N","OC","Bens Incorporados ao Ativo Imobilizado - Operações Geradoras de Créditos com base nos Encargos de Depreciação/Amortização"
"F","F129","","","4","1:N","","Processo Referenciado"
"F","F130","","True","3","1:N","OC","Bens Incorporados ao Ativo Imobilizado - Operações Geradoras de Créditos com base no Valor de Aquisição"
"F","F139","","","4","1:N","","F139 - Processo Referenciado"
"F","F150","","True","3","1:N","OC","Crédito Presumido sobre Estoque de Abertura"
"F","F200","","True","3","1:N","OC","Operações da Atividade Imobiliária - Unidade Imobiliária Vendida"
"F","F205","","True","4","1:N","OC","Operações da Atividade Imobiliária - Custo Incorrido da Unidade Imobiliária Vendida"
"F","F210","","True","4","1:N","OC","Operações da Atividade Imobiliária - Custo Orçado da Unidade Imobiliária Vendida"
"F","F211","","","4","1:N","","Processo Referenciado"
"F","F500","","True","3","1:N","OC","Consolidação das operações da pessoa jurídica submetida ao regime de tributação com base no lucro presumido - incidência do PIS/Pasep e da Cofins pelo regime de caixa"
"F","F509","","","4","1:N","","Processo Referenciado"
"F","F510","","True","3","1:N","OC","Consolidação das operações da pessoa jurídica submetida ao regime de tributação com base no lucro presumido - incidência do PIS/Pasep e da Cofins pelo regime de caixa (apuração da contribuição por unidade de medida de produto - alíquota em reais)"
"F","F519","","","4","1:N","","Processo Referenciado"
"F","F525","","","3","1:N","","Composição da receita escriturada no período - detalhamento da receita recebida pelo regime de caixa"
"F","F550","","True","3","1:N","OC","Consolidação das operações da pessoa jurídica submetida ao regime de tributação com base no lucro presumido - incidência do PIS/Pasep e da Cofins pelo regime de competência"
"F","F559","","","4","1:N","","Processo Referenciado"
"F","F560","","True","3","1:N","OC","Consolidação das operações da pessoa jurídica submetida ao regime de tributação com base no lucro presumido - incidência do PIS/Pasep e da Cofins pelo regime de competência (apuração da contribuição por unidade de medida de produto - alíquota em reais)"
"F","F569","","","4","1:N","","Processo Referenciado"
"F","F600","","","3","1:N","","Contribuição Retida na Fonte"
"F","F700","","","3","1:N","","Deduções Diversas"
"F","F800","","","3","1:N","","Créditos Decorrentes de Eventos de Incorporação, Fusão e Cisão"
"F","F990","True","","1","1:1","O","Encerramento do Bloco F"
"I","I001","","","1","1:1","","Abertura do Bloco I - PJ - Apuração Específica do art. 3º - Lei nº 9.718"
"I","I010","","True","2","1:N","OC","Identificação do Estabelecimento"
"I","I100","","","3","1:N","","Consolidação das Operações do Período"
"I","I199","","","4","1:N","","Processo Referenciado"
"I","I200","","","4","1:N","","Detalhamento das Receitas, Deduções e/ou Exclusões do Período"
"I","I299","","","5","1:N","","Processo Referenciado"
"I","I300","","","5","1:N","","Complemento das Operações - Informações Complementares de Receitas, Deduções e/ou Exclusões"
"I","I399","","","6","1:N","","Processo Referenciado"
"I","I990","","","1","1:1","","Encerramento do Bloco I"
"M","M001","True","","1","1:1","O","Abertura do Bloco M"
"M","M100","","True","2","1:N","OC","Crédito de PIS/Pasep Relativo ao Período"
"M","M105","","True","3","1:N","OC","Detalhamento da Base de Cálculo do Crédito Apurado no Período - PIS/Pasep"
"M","M110","","","3","1:N","","Ajustes do Crédito de PIS/Pasep Apurado"
"M","M115","","","4","1:N","","Detalhamento do Ajuste do Crédito de PIS/Pasep Apurado"
"M","M200","True","","2","1:1","O","Consolidação da Contribuição para o PIS/Pasep do Período"
"M","M205","","","3","1:N","","Detalhamento por Código de Receita (Visão Debito DCTF)"
"M","M210","","True","3","1:N","OC","Detalhamento da Contribuição para o PIS/Pasep do Período"
"M","M211","","True","4","1:1","OC","Sociedades Cooperativas - Composição Da Base De Calculo - PIS/Pasep"
"M","M215","","","4","1:N","","Ajuste da Base de Cálculo da Contribuição PIS/Pasep Apurada"
"M","M220","","","4","1:N","","Ajustes da Contribuição para o PIS/Pasep Apurada"
"M","M225","","","5","1:N","","Detalhamento do Ajuste da Contribuição para o PIS/Pasep Apurada"
"M","M230","","","4","1:N","","Informações Adicionais de Diferimento"
"M","M300","","","2","1:N","","Contribuição de PIS/Pasep Diferida em Períodos Anteriores - Valores a Pagar no Período"
"M","M350","","","2","1:1","","PIS/Pasep - Folha de Salários"
"M","M400","","","2","1:N","","Receitas Isentas ou Não Alcançadas pela Incidência da Contribuição ou Sujeitas a Alíquota Zero ou com Suspensão - PIS/Pasep"
"M","M410","True","","3","1:N","O","Detalhamento das Receitas Isentas, Não Alcançadas pela Incidência da Contribuição, Sujeitas à Alíquota Zero ou de Vendas com Suspensão - PIS/Pasep"
"M","M500","","True","2","1:N","OC","Crédito de COFINS Relativo ao Período"
"M","M505","","True","3","1:N","OC","Detalhamento da Base de Cálculo do Crédito Apurado no Período - COFINS"
"M","M510","","","3","1:N","","Ajustes do Crédito de COFINS Apurado"
"M","M515","","","4","1:N","","Detalhamento do Ajuste do Crédito de COFINS Apurado"
"M","M600","True","","2","1:1","O","Consolidação da Contribuição para a Seguridade Social - COFINS do Período"
"M","M605","","","3","1:N","","Detalhamento por Código de Receita (Visão Debito DCTF)"
"M","M610","","True","3","1:N","OC","Detalhamento da Contribuição para a Seguridade Social - COFINS do Período"
"M","M611","","True","4","1:1","OC","Sociedades Cooperativas - Composição da Base de Cálculo - COFINS"
"M","M615","","","4","1:N","","Ajuste da Base de Cálculo da COFINS Apurada"
"M","M620","","","4","1:N","","Ajustes da COFINS Apurada"
"M","M625","","","5","1:N","","Detalhamento do Ajuste da COFINS Apurada"
"M","M630","","","4","1:N","","Informações Adicionais de Diferimento"
"M","M700","","","2","1:N","","COFINS Diferida em Períodos Anteriores - Valores a Pagar no Período"
"M","M800","","","2","1:N","","Receitas Isentas ou Não Alcançadas pela Incidência da Contribuição ou Sujeitas à Alíquota Zero ou com Suspensão - COFINS"
"M","M810","True","","3","1:N","O","Detalhamento das Receitas Isentas, Não Alcançadas pela Incidência da Contribuição, Sujeitas à Alíquota Zero ou de Vendas com Suspensão - COFINS"
"M","M990","True","","1","1:1","O","Encerramento do Bloco M"
"P","P001","","","1","1:1","","Abertura do Bloco P"
"P","P990","","","1","1:1","","Encerramento do Bloco P"
"1","1001","True","","1","1:1","O","Abertura do Bloco 1"
"1","1010","","","2","1:N","","Processo Referenciado - Ação Judicial"
"1","1011","","","3","1:N","","Detalhamento das Contribuições com Exigibilidade Suspensa"
"1","1020","","","2","1:N","","Processo Referenciado - Processo  Administrativo"
"1","1050","","","2","1:N","","Detalhamento de ajuste de Base de Cálculo - Valores Extra Apuração"
"1","1100","","","2","1:N","","Controle de Créditos Fiscais - PIS/Pasep"
"1","1300","","","2","1:N","","Controle dos Valores Retidos na Fonte - PIS/Pasep"
"1","1500","","","2","1:N","","Controle de Créditos Fiscais - COFINS"
"1","1700","","","2","1:N","","Controle dos Valores Retidos na Fonte - COFINS"
"1","1800","","","2","1:N","","Incorporação Imobiliária - RET"
"1","1809","","","3","1:N","","Processo Referenciado"
"1","1900","","True","2","1:N","OC","Consolidação dos documentos emitidos no período por pessoa jurídica submetida ao regime de tributação com base no lucro presumido - regime de caixa ou de competência"
"1","1990","True","","1","1:1","O","Encerramento do Bloco 1"
"9","9001","True","","1","1:1","O","Abertura do Bloco 9"
"9","9900","True","","2","1:N","O","Registros do Arquivo"
"9","9990","True","","1","1:1","O","Encerramento do Bloco 9"
"9","9999","True","","0","1:1","O","Encerramento do Arquivo Digital"
