"block","code","desc","level","card","required"
"0","0000","Abertura do Arquivo Digital e Identificação da Pessoa Jurídica","0","1:1","True"
"0","0001","Abertura do Bloco 0","1","1:1","True"
"0","0035","Identificação de SCP","2","1:N",""
"0","0100","Dados do Contabilista","2","1:N",""
"0","0110","Regimes de Apuração da Contribuição Social e de Apropriação de Crédito","2","1:1","True"
"0","0111","Tabela de Receita Bruta Mensal para Fins de Rateio de Créditos Comuns","3","1:1",""
"0","0120","Identificação de EFD Contribuições Sem Dados a Escriturar e Outras Informações de Interesse do Fisco","2","1:N",""
"0","0140","Tabela de Cadastro de Estabelecimento","2","1:N",""
"0","0150","Tabela de Cadastro do Participante","3","1:N",""
"0","0190","Identificação das unidades de medida","3","1:N",""
"0","0200","Tabela de Identificação do Item (Produtos e Serviços)","3","1:N",""
"0","0205","Alteração do Item","4","1:N",""
"0","0206","Código de produto conforme Tabela publicada pela ANP (Combustíveis)","4","1:1",""
"0","0208","Código de Grupos por Marca Comercial - REFRI (Bebidas Frias)","4","1:1",""
"0","0400","Tabela de Natureza da Operação/ Prestação","3","1:N",""
"0","0450","Tabela de Informação Complementar do documento fiscal","3","1:N",""
"0","0500","Plano de Contas Contábeis - Contas Informadas","2","1:N",""
"0","0600","Centro de Custos","2","1:N",""
"0","0900","Composição das Receitas do Período - Receita Bruta e Demais Receitas","2","1:1",""
"0","0990","Encerramento do Bloco 0","1","1:1","True"
"A","A001","Abertura do Bloco A","1","1:1",""
"A","A010","Identificação do Estabelecimento","2","1:N",""
"A","A100","Documento - Nota Fiscal de Serviços","3","1:N",""
"A","A110","Complemento de Documento - Informação Complementar da NF","4","1:N",""
"A","A111","Processo Referenciado","4","1:N",""
"A","A120","Informação Complementar - Operações de Importação","4","1:N",""
"A","A170","Complemento de Documento - Itens do Documento","4","1:N","True"
"A","A990","Encerramento do Bloco A","1","1:1",""
"C","C001","Abertura do Bloco C","1","1:1",""
"C","C010","Identificação do Estabelecimento","2","1:N",""
"C","C100","Documento - Nota Fiscal, Nota Fiscal Avulsa, Nota Fiscal de Produtor, Nota Fiscal Eletrônica e Nota Fiscal do Consumidor Eletrônica","3","1:N",""
"C","C110","Complemento de Documento - Informação Complementar da Nota Fiscal","4","1:N",""
"C","C111","Processo Referenciado","4","1:N",""
"C","C120","Complemento de Documento - Operações de Importação","4","1:N",""
"C","C170","Complemento de Documento - Itens do Documento","4","1:N",""
"C","C175","Registro Analítico do Documento (Código 65)","4","1:N",""
"C","C180","Consolidação de Notas Fiscais Eletrônicas Emitidas pela Pessoa Jurídica (Código 55 e 65) - Operações de Vendas","3","1:N",""
"C","C181","Detalhamento da Consolidação - Operações de Vendas - PIS/Pasep","4","1:N",""
"C","C185","Detalhamento da Consolidação - Operações de Vendas - COFINS","4","1:N","True"
"C","C188","Processo Referenciado","4","1:N",""
"C","C190","Consolidação de Notas Fiscais Eletrônicas (Código 55) - Operações de Aquisição com Direito a Crédito, e Operações de Devolução de Compras e Vendas","3","1:N",""
"C","C191","Detalhamento da Consolidação - Operações de Aquisição com Direito a Crédito, e Operações de Devolução de Compras e Vendas - PIS/Pasep","4","1:N","True"
"C","C195","Detalhamento da Consolidação - Operações de Aquisição com Direito a Crédito, e Operações de Devolução de Compras e Vendas - COFINS","4","1:N","True"
"C","C198","Processo Referenciado","4","1:N",""
"C","C199","Complemento de Documento - Operações de Importação","4","1:N",""
"C","C380","C380 - Nota Fiscal de Venda a Consumidor - Consolidação de Documentos Emitidos","3","1:N",""
"C","C381","Detalhamento da Consolidação - PIS/Pasep","4","1:N",""
"C","C385","Detalhamento da Consolidação - COFINS","4","1:N",""
"C","C395","Nota Fiscal de Venda a Consumidor - Aquisições/Entradas com Crédito","3","1:N",""
"C","C396","Itens do Documento - Aquisições/Entradas com Crédito","4","1:N","True"
"C","C400","Equipamento ECF","3","1:N",""
"C","C405","Redução Z","4","1:N","True"
"C","C481","Resumo Diário de Documentos Emitidos por ECF - PIS/Pasep","5","1:N",""
"C","C485","Resumo Diário de Documentos Emitidos por ECF - COFINS","5","1:N",""
"C","C489","Processo Referenciado","4","1:N",""
"C","C490","Consolidação de Documentos Emitidos por ECF - Saída de Mercadoria","3","1:N",""
"C","C491","Detalhamento da Consolidação de Documentos emitidos por ECF - PIS/Pasep","4","1:N",""
"C","C495","Detalhamento da Consolidação de Documentos emitidos por ECF - COFINS","4","1:N",""
"C","C499","Processo Referenciado - Documentos Emitidos Por ECF","4","1:N",""
"C","C500","Nota Fiscal/Conta de Energia Elétrica, Nota Fiscal/Conta de Fornecimento D’Água Canalizada e Nota Fiscal/Consumo Fornecimento de Gás - Documentos de Entrada / Aquisição","3","1:N",""
"C","C501","Complemento da operação - PIS/Pasep","4","1:N","True"
"C","C505","Complemento da operação - COFINS","4","1:N","True"
"C","C509","Processo Referenciado","4","1:N",""
"C","C600","Consolidação Diária de Notas Fiscais/Contas de Energia Elétrica, Nota Fiscal/Conta de Fornecimento d´água e Nota Fiscal/Conta de Fornecimento de Gás (Empresas Obrigadas ou Não Obrigadas Ao Convenio ICMS 115/03) - Documentos de Saídas","3","1:N",""
"C","C601","Complemento da Consolidação Diária - Documentos de Saída - PIS/Pasep","4","1:N","True"
"C","C605","Complemento da Consolidação Diária  - Documentos de Saída - COFINS","4","1:N","True"
"C","C609","Processo Referenciado","4","1:N",""
"C","C860","Identificação do Equipamento SAT-CF-e","3","1:N",""
"C","C870","Resumo Diário de Documentos Emitidos por Equipamento SAT-CF-e (Código 59) - PIS/Pasep e Cofins","4","1:N",""
"C","C880","Resumo Diário de Documentos Emitidos por Equipamento SAT-CF-e (Código 59) - PIS/Pasep e Cofins Apurado por Unidade de Medida de Produto","4","1:N",""
"C","C890","Processo Referenciado","4","1:N",""
"C","C990","Encerramento do Bloco C","1","1:1",""
"D","D001","Abertura do Bloco D","1","1:1",""
"D","D010","Identificação do Estabelecimento","2","1:N",""
"D","D100","Aquisição de Serviços de Transportes","3","1:N",""
"D","D101","Complemento do Documento de Transporte - PIS/Pasep","4","1:N",""
"D","D105","Complemento do Documento de Transporte - COFINS","4","1:N",""
"D","D111","Processo Referenciado","4","1:N",""
"D","D200","Resumo da Escrituração Diária - Prestação de Serviços de Transportes","3","1:N",""
"D","D201","Totalização do Resumo Diário - PIS/Pasep","4","1:N",""
"D","D205","Totalização do Resumo Diário - COFINS","4","1:N",""
"D","D209","Processo Referenciado","4","1:N",""
"D","D300","Consolidação Diária - Bilhetes de Passagem","3","1:N",""
"D","D309","Processo Referenciado","4","1:N",""
"D","D350","Resumo Diário de Cupom Fiscal Emitido por ECF","3","1:N",""
"D","D359","Processo Referenciado","4","1:N",""
"D","D500","Nota Fiscal de Serviço de Comunicação e Serviço de Telecomunicação - Operação de Aquisição com Direito a Crédito","3","1:N",""
"D","D501","Complemento da Operação - PIS/Pasep","4","1:N",""
"D","D505","Complemento da Operação - COFINS","4","1:N",""
"D","D509","Processo Referenciado","4","1:N",""
"D","D600","Consolidação da Prestação de Serviços - Notas de Serviço de Comunicação e de Serviço de Telecomunicação","3","1:N",""
"D","D601","Complemento da Consolidação da Prestação de Serviços - PIS/Pasep","4","1:N",""
"D","D605","Complemento da Consolidação da Prestação de Serviços - COFINS","4","1:N",""
"D","D609","Processo Referenciado","4","1:N",""
"D","D990","Encerramento do Bloco D","1","1:1",""
"F","F001","Abertura do Bloco F","1","1:1","True"
"F","F010","Identificação do Estabelecimento","2","1:N",""
"F","F100","Demais Documentos e Operações Geradoras de Contribuição e Créditos","3","1:N",""
"F","F111","Processo Referenciado","4","1:N",""
"F","F120","Bens Incorporados ao Ativo Imobilizado - Operações Geradoras de Créditos com base nos Encargos de Depreciação/Amortização","3","1:N",""
"F","F129","Processo Referenciado","4","1:N",""
"F","F130","Bens Incorporados ao Ativo Imobilizado - Operações Geradoras de Créditos com base no Valor de Aquisição","3","1:N",""
"F","F139","F139 - Processo Referenciado","4","1:N",""
"F","F150","Crédito Presumido sobre Estoque de Abertura","3","1:N",""
"F","F200","Operações da Atividade Imobiliária - Unidade Imobiliária Vendida","3","1:N",""
"F","F205","Operações da Atividade Imobiliária - Custo Incorrido da Unidade Imobiliária Vendida","4","1:N",""
"F","F210","Operações da Atividade Imobiliária - Custo Orçado da Unidade Imobiliária Vendida","4","1:N",""
"F","F211","Processo Referenciado","4","1:N",""
"F","F500","Consolidação das operações da pessoa jurídica submetida ao regime de tributação com base no lucro presumido - incidência do PIS/Pasep e da Cofins pelo regime de caixa","3","1:N",""
"F","F509","Processo Referenciado","4","1:N",""
"F","F510","Consolidação das operações da pessoa jurídica submetida ao regime de tributação com base no lucro presumido - incidência do PIS/Pasep e da Cofins pelo regime de caixa (apuração da contribuição por unidade de medida de produto - alíquota em reais)","3","1:N",""
"F","F519","Processo Referenciado","4","1:N",""
"F","F525","Composição da receita escriturada no período - detalhamento da receita recebida pelo regime de caixa","3","1:N",""
"F","F550","Consolidação das operações da pessoa jurídica submetida ao regime de tributação com base no lucro presumido - incidência do PIS/Pasep e da Cofins pelo regime de competência","3","1:N",""
"F","F559","Processo Referenciado","4","1:N",""
"F","F560","Consolidação das operações da pessoa jurídica submetida ao regime de tributação com base no lucro presumido - incidência do PIS/Pasep e da Cofins pelo regime de competência (apuração da contribuição por unidade de medida de produto - alíquota em reais)","3","1:N",""
"F","F569","Processo Referenciado","4","1:N",""
"F","F600","Contribuição Retida na Fonte","3","1:N",""
"F","F700","Deduções Diversas","3","1:N",""
"F","F800","Créditos Decorrentes de Eventos de Incorporação, Fusão e Cisão","3","1:N",""
"F","F990","Encerramento do Bloco F","1","1:1","True"
"I","I001","Abertura do Bloco I - PJ - Apuração Específica do art. 3º - Lei nº 9.718","1","1:1",""
"I","I010","Identificação do Estabelecimento","2","1:N",""
"I","I100","Consolidação das Operações do Período","3","1:N",""
"I","I199","Processo Referenciado","4","1:N",""
"I","I200","Detalhamento das Receitas, Deduções e/ou Exclusões do Período","4","1:N",""
"I","I299","Processo Referenciado","5","1:N",""
"I","I300","Complemento das Operações - Informações Complementares de Receitas, Deduções e/ou Exclusões","5","1:N",""
"I","I399","Processo Referenciado","6","1:N",""
"I","I990","Encerramento do Bloco I","1","1:1",""
"M","M001","Abertura do Bloco M","1","1:1","True"
"M","M100","Crédito de PIS/Pasep Relativo ao Período","2","1:N",""
"M","M105","Detalhamento da Base de Cálculo do Crédito Apurado no Período - PIS/Pasep","3","1:N",""
"M","M110","Ajustes do Crédito de PIS/Pasep Apurado","3","1:N",""
"M","M115","Detalhamento do Ajuste do Crédito de PIS/Pasep Apurado","4","1:N",""
"M","M200","Consolidação da Contribuição para o PIS/Pasep do Período","2","1:1","True"
"M","M205","Detalhamento por Código de Receita (Visão Debito DCTF)","3","1:N",""
"M","M210","Detalhamento da Contribuição para o PIS/Pasep do Período","3","1:N",""
"M","M211","Sociedades Cooperativas - Composição Da Base De Calculo - PIS/Pasep","4","1:1",""
"M","M215","Ajuste da Base de Cálculo da Contribuição PIS/Pasep Apurada","4","1:N",""
"M","M220","Ajustes da Contribuição para o PIS/Pasep Apurada","4","1:N",""
"M","M225","Detalhamento do Ajuste da Contribuição para o PIS/Pasep Apurada","5","1:N",""
"M","M230","Informações Adicionais de Diferimento","4","1:N",""
"M","M300","Contribuição de PIS/Pasep Diferida em Períodos Anteriores - Valores a Pagar no Período","2","1:N",""
"M","M350","PIS/Pasep - Folha de Salários","2","1:1",""
"M","M400","Receitas Isentas ou Não Alcançadas pela Incidência da Contribuição ou Sujeitas a Alíquota Zero ou com Suspensão - PIS/Pasep","2","1:N",""
"M","M410","Detalhamento das Receitas Isentas, Não Alcançadas pela Incidência da Contribuição, Sujeitas à Alíquota Zero ou de Vendas com Suspensão - PIS/Pasep","3","1:N","True"
"M","M500","Crédito de COFINS Relativo ao Período","2","1:N",""
"M","M505","Detalhamento da Base de Cálculo do Crédito Apurado no Período - COFINS","3","1:N",""
"M","M510","Ajustes do Crédito de COFINS Apurado","3","1:N",""
"M","M515","Detalhamento do Ajuste do Crédito de COFINS Apurado","4","1:N",""
"M","M600","Consolidação da Contribuição para a Seguridade Social - COFINS do Período","2","1:1","True"
"M","M605","Detalhamento por Código de Receita (Visão Debito DCTF)","3","1:N",""
"M","M610","Detalhamento da Contribuição para a Seguridade Social - COFINS do Período","3","1:N",""
"M","M611","Sociedades Cooperativas - Composição da Base de Cálculo - COFINS","4","1:1",""
"M","M615","Ajuste da Base de Cálculo da COFINS Apurada","4","1:N",""
"M","M620","Ajustes da COFINS Apurada","4","1:N",""
"M","M625","Detalhamento do Ajuste da COFINS Apurada","5","1:N",""
"M","M630","Informações Adicionais de Diferimento","4","1:N",""
"M","M700","COFINS Diferida em Períodos Anteriores - Valores a Pagar no Período","2","1:N",""
"M","M800","Receitas Isentas ou Não Alcançadas pela Incidência da Contribuição ou Sujeitas à Alíquota Zero ou com Suspensão - COFINS","2","1:N",""
"M","M810","Detalhamento das Receitas Isentas, Não Alcançadas pela Incidência da Contribuição, Sujeitas à Alíquota Zero ou de Vendas com Suspensão - COFINS","3","1:N","True"
"M","M990","Encerramento do Bloco M","1","1:1","True"
"P","P001","Abertura do Bloco P","1","1:1",""
"P","P990","Encerramento do Bloco P","1","1:1",""
"1","1001","Abertura do Bloco 1","1","1:1","True"
"1","1010","Processo Referenciado - Ação Judicial","2","1:N",""
"1","1011","Detalhamento das Contribuições com Exigibilidade Suspensa","3","1:N",""
"1","1020","Processo Referenciado - Processo  Administrativo","2","1:N",""
"1","1050","Detalhamento de ajuste de Base de Cálculo - Valores Extra Apuração","2","1:N",""
"1","1100","Controle de Créditos Fiscais - PIS/Pasep","2","1:N",""
"1","1300","Controle dos Valores Retidos na Fonte - PIS/Pasep","2","1:N",""
"1","1500","Controle de Créditos Fiscais - COFINS","2","1:N",""
"1","1700","Controle dos Valores Retidos na Fonte - COFINS","2","1:N",""
"1","1800","Incorporação Imobiliária - RET","2","1:N",""
"1","1809","Processo Referenciado","3","1:N",""
"1","1900","Consolidação dos documentos emitidos no período por pessoa jurídica submetida ao regime de tributação com base no lucro presumido - regime de caixa ou de competência","2","1:N",""
"1","1990","Encerramento do Bloco 1","1","1:1","True"
"9","9001","Abertura do Bloco 9","1","1:1","True"
"9","9900","Registros do Arquivo","2","1:N","True"
"9","9990","Encerramento do Bloco 9","1","1:1","True"
"9","9999","Encerramento do Arquivo Digital","0","1:1","True"
